timestamp_s,frame,face_detected,ear,ear_smooth,mar,eye_closed,pitch,yaw,roll,gaze_x,gaze_y,perclos,blink_rate,blink_duration_ms,microsleep_count,microsleep_dur_ms,yawn_count_recent,light_intensity,glare_severity,is_glare_detected,light_category,peak_light_recent,score_ear,score_perclos,score_blink,score_pose,score_yawn,score_glare,attention_score,kss_estimate,fatigue_probability,alert_level,alert_label
8.476,1,1,0.3102,0.3102,0.4525,0,6705.68,-16215.66,64258.94,-0.0046,-0.0529,0.0,0.0,0.0,0,0.0,0,13.1,0.0,0,SAFE,13.1,100.0,100.0,0.0,0.0,100.0,100.0,98.97,1.08,0.037,0,NOMINAL
8.551,2,1,0.2996,0.2999,0.4563,0,12957.08,25200.36,-51403.63,0.0092,-0.047,0.0,0.0,0.0,0,0.0,0,208.0,68.7,1,WARN,208.0,100.0,100.0,0.0,0.0,100.0,31.3,97.62,1.19,0.04,0,NOMINAL
8.572,3,1,0.3136,0.3067,0.4542,0,12676.99,25193.07,-51619.21,0.0156,-0.0472,0.0,0.0,0.0,0,0.0,0,19.3,0.0,0,SAFE,208.0,100.0,100.0,0.0,0.0,100.0,100.0,96.67,1.27,0.043,0,NOMINAL
8.591,4,1,0.2981,0.3038,0.4552,0,12477.48,24764.02,-52380.16,-0.0063,-0.0595,0.0,0.0,0.0,0,0.0,0,30.0,0.0,0,SAFE,208.0,100.0,100.0,0.0,0.0,100.0,100.0,95.75,1.34,0.045,0,NOMINAL
8.609,5,1,0.3027,0.3035,0.4511,0,12542.46,24825.99,-52015.37,0.0009,-0.0516,0.0,0.0,0.0,0,0.0,0,34.3,0.0,0,SAFE,208.0,100.0,100.0,0.0,0.0,100.0,100.0,94.86,1.41,0.048,0,NOMINAL
8.626,6,1,0.3036,0.3035,0.4542,0,12348.02,24636.06,-52248.52,0.0063,-0.0528,0.0,0.0,0.0,0,0.0,0,27.5,0.0,0,SAFE,208.0,100.0,100.0,0.0,0.0,100.0,100.0,93.99,1.48,0.051,0,NOMINAL
8.65,7,1,0.305,0.3038,0.4584,0,12205.56,24749.74,-52208.6,0.0051,-0.0574,0.0,0.0,0.0,0,0.0,0,12.2,0.0,0,SAFE,208.0,100.0,100.0,0.0,0.0,100.0,100.0,93.16,1.55,0.053,0,NOMINAL
8.667,8,1,0.2923,0.3018,0.4542,0,12116.53,24633.97,-52274.68,0.0162,-0.0555,0.0,0.0,0.0,0,0.0,0,17.8,0.0,0,SAFE,208.0,100.0,100.0,0.0,0.0,100.0,100.0,92.36,1.61,0.056,0,NOMINAL
8.686,9,1,0.3043,0.3022,0.4558,0,11982.92,24811.61,-52356.74,0.0073,-0.0579,0.0,0.0,0.0,0,0.0,0,189.9,56.6,1,WARN,208.0,100.0,100.0,0.0,0.0,100.0,43.4,91.29,1.7,0.06,0,NOMINAL
8.729,10,1,0.2977,0.3015,0.4569,0,11942.62,24656.53,-52260.22,0.0078,-0.0571,0.0,0.0,0.0,0,0.0,0,18.6,0.0,0,SAFE,208.0,100.0,100.0,0.0,0.0,100.0,100.0,90.55,1.76,0.063,0,NOMINAL
8.763,11,1,0.297,0.3009,0.4596,0,11951.84,24804.38,-52249.07,0.0137,-0.0529,0.0,0.0,0.0,0,0.0,0,31.2,0.0,0,SAFE,208.0,100.0,100.0,0.0,0.0,100.0,100.0,89.83,1.81,0.066,0,NOMINAL
8.792,12,1,0.3081,0.3019,0.4541,0,12101.89,24985.27,-52126.07,0.0198,-0.0551,0.0,0.0,0.0,0,0.0,0,27.2,0.0,0,SAFE,208.0,100.0,100.0,0.0,0.0,100.0,100.0,89.14,1.87,0.069,0,NOMINAL
8.828,13,1,0.3052,0.3023,0.4546,0,11736.43,24643.64,-52745.33,0.0275,-0.0488,0.0,0.0,0.0,0,0.0,0,31.0,0.0,0,SAFE,208.0,100.0,100.0,0.0,0.0,100.0,100.0,88.47,1.92,0.071,0,NOMINAL
8.858,14,1,0.3099,0.3033,0.4585,0,11930.73,24882.94,-52366.72,0.0246,-0.0507,0.0,0.0,0.0,0,0.0,0,27.4,0.0,0,SAFE,208.0,100.0,100.0,0.0,0.0,100.0,100.0,87.82,1.97,0.074,0,NOMINAL
8.891,15,1,0.2978,0.3026,0.4588,0,7147.25,-16315.48,64002.78,0.0223,-0.0471,0.0,0.0,0.0,0,0.0,0,26.0,0.0,0,SAFE,208.0,100.0,100.0,0.0,0.0,100.0,100.0,87.19,2.02,0.077,0,NOMINAL
8.921,16,1,0.3035,0.3027,0.4568,0,11809.87,24827.07,-52623.11,0.0125,-0.0526,0.0,0.0,0.0,0,0.0,0,10.4,0.0,0,SAFE,208.0,100.0,100.0,0.0,0.0,100.0,100.0,86.58,2.07,0.08,0,NOMINAL
8.953,17,1,0.3086,0.3034,0.4584,0,12349.98,25204.89,-52180.27,0.0201,-0.0458,0.0,0.0,0.0,0,0.0,0,30.4,0.0,0,SAFE,208.0,100.0,100.0,0.0,0.0,100.0,100.0,86.0,2.12,0.083,0,NOMINAL
8.987,18,1,0.3013,0.3032,0.4578,0,12268.56,25002.33,-52340.77,0.0131,-0.0483,0.0,0.0,0.0,0,0.0,0,26.7,0.0,0,SAFE,208.0,100.0,100.0,0.0,0.0,100.0,100.0,85.43,2.17,0.086,0,NOMINAL
9.019,19,1,0.3043,0.3033,0.4561,0,12298.09,25181.2,-52405.5,0.0134,-0.0464,0.0,0.0,0.0,0,0.0,0,13.7,0.0,0,SAFE,208.0,100.0,100.0,0.0,0.0,100.0,100.0,84.88,2.21,0.089,0,NOMINAL
9.048,20,1,0.3124,0.3044,0.4562,0,12126.9,25061.21,-52511.81,0.0211,-0.0462,0.0,0.0,0.0,0,0.0,0,26.7,0.0,0,SAFE,208.0,100.0,100.0,0.0,0.0,100.0,100.0,84.35,2.25,0.092,0,NOMINAL
9.08,21,1,0.3117,0.3053,0.4567,0,11937.06,24879.01,-52703.69,0.0131,-0.0479,0.0,0.0,0.0,0,0.0,0,16.0,0.0,0,SAFE,208.0,100.0,100.0,0.0,0.0,100.0,100.0,83.84,2.29,0.095,0,NOMINAL
9.114,22,1,0.3231,0.3075,0.4586,0,11760.13,24729.72,-52984.05,0.0084,-0.0504,0.0,0.0,0.0,0,0.0,0,21.0,0.0,0,SAFE,208.0,100.0,100.0,0.0,0.0,100.0,100.0,83.35,2.33,0.098,0,NOMINAL
9.16,23,1,0.3208,0.3091,0.455,0,6740.63,-16170.34,64065.65,0.0036,-0.0503,0.0,0.0,0.0,0,0.0,0,16.6,0.0,0,SAFE,208.0,100.0,100.0,0.0,0.0,100.0,100.0,82.87,2.37,0.101,0,NOMINAL
9.191,24,1,0.3143,0.3098,0.4556,0,11541.98,24647.95,-53053.15,0.0023,-0.0501,0.0,0.0,0.0,0,0.0,0,18.4,0.0,0,SAFE,208.0,100.0,100.0,0.0,0.0,100.0,100.0,82.41,2.41,0.103,0,NOMINAL
9.223,25,1,0.3138,0.3102,0.4557,0,11817.54,24722.78,-52915.16,0.0044,-0.0491,0.0,0.0,0.0,0,0.0,0,34.1,0.0,0,SAFE,208.0,100.0,100.0,0.0,0.0,100.0,100.0,81.96,2.44,0.106,0,NOMINAL
9.257,26,1,0.3119,0.3105,0.4564,0,12041.73,24926.97,-52607.97,0.0003,-0.0513,0.0,0.0,0.0,0,0.0,0,21.8,0.0,0,SAFE,208.0,100.0,100.0,0.0,0.0,100.0,100.0,81.53,2.48,0.109,0,NOMINAL
9.287,27,1,0.3172,0.3113,0.4554,0,11945.74,24882.43,-52666.04,0.0003,-0.0479,0.0,0.0,0.0,0,0.0,0,15.7,0.0,0,SAFE,208.0,100.0,100.0,0.0,0.0,100.0,100.0,81.11,2.51,0.112,0,NOMINAL
9.319,28,1,0.3153,0.3118,0.4571,0,11928.17,24907.99,-52767.98,0.0006,-0.0496,0.0,0.0,0.0,0,0.0,0,25.5,0.0,0,SAFE,208.0,100.0,100.0,0.0,0.0,100.0,100.0,80.71,2.54,0.114,0,NOMINAL
9.356,29,1,0.3153,0.3122,0.4564,0,12034.22,24840.37,-52882.62,-0.0006,-0.0574,0.0,0.0,0.0,0,0.0,0,13.5,0.0,0,SAFE,208.0,100.0,100.0,0.0,0.0,100.0,100.0,80.32,2.57,0.117,0,NOMINAL
9.394,30,1,0.3075,0.3116,0.456,0,11816.47,24830.15,-52981.61,-0.0085,-0.0551,0.0,0.0,0.0,0,0.0,0,222.6,78.4,1,CRITICAL,222.6,100.0,100.0,0.0,0.0,100.0,21.6,79.55,2.64,0.122,0,NOMINAL
9.419,31,1,0.3044,0.3108,0.4557,0,11777.63,24783.72,-53073.24,-0.009,-0.0551,0.0,0.0,0.0,0,0.0,0,15.4,0.0,0,SAFE,222.6,100.0,100.0,0.0,0.0,100.0,100.0,79.2,2.66,0.125,0,NOMINAL
9.452,32,1,0.3027,0.3098,0.4565,0,12253.73,24947.06,-52653.29,-0.0075,-0.0557,0.0,0.0,0.0,0,0.0,0,20.8,0.0,0,SAFE,222.6,100.0,100.0,0.0,0.0,100.0,100.0,78.86,2.69,0.127,0,NOMINAL
9.486,33,1,0.3031,0.309,0.4572,0,11910.07,24680.71,-53107.52,-0.0119,-0.0569,0.0,0.0,0.0,0,0.0,0,31.9,0.0,0,SAFE,222.6,100.0,100.0,0.0,0.0,100.0,100.0,78.53,2.72,0.13,0,NOMINAL
9.511,34,1,0.3022,0.3081,0.4563,0,12216.6,24843.85,-52787.42,-0.0101,-0.0629,0.0,0.0,0.0,0,0.0,0,9.6,0.0,0,SAFE,222.6,100.0,100.0,0.0,0.0,100.0,100.0,78.21,2.74,0.132,0,NOMINAL
9.544,35,1,0.2991,0.3071,0.4565,0,11647.63,24498.8,-53321.48,-0.0182,-0.0532,0.0,0.0,0.0,0,0.0,0,202.9,65.3,1,WARN,222.6,100.0,100.0,0.0,0.0,100.0,34.7,77.58,2.79,0.137,0,NOMINAL
9.594,36,1,0.3006,0.3063,0.4556,0,11931.57,24685.46,-53041.41,-0.0216,-0.0617,0.0,0.0,0.0,0,0.0,0,21.5,0.0,0,SAFE,222.6,100.0,100.0,0.0,0.0,100.0,100.0,77.29,2.82,0.14,0,NOMINAL
9.624,37,1,0.2909,0.3044,0.4555,0,12046.0,24718.01,-52984.87,-0.0263,-0.0562,0.0,0.0,0.0,0,0.0,0,255.0,100.0,1,CRITICAL,255.0,100.0,100.0,0.0,0.0,100.0,0.0,76.51,2.88,0.146,0,NOMINAL
9.656,38,1,0.291,0.3028,0.4569,0,11963.07,24640.41,-53097.54,-0.0319,-0.06,0.0,0.0,0.0,0,0.0,0,26.0,0.0,0,SAFE,255.0,100.0,100.0,0.0,0.0,100.0,100.0,76.26,2.9,0.148,0,NOMINAL
9.689,39,1,0.2888,0.3011,0.4574,0,11799.14,24531.94,-53186.09,-0.0361,-0.0537,0.0,0.0,0.0,0,0.0,0,26.5,0.0,0,SAFE,255.0,100.0,100.0,0.0,0.0,100.0,100.0,76.02,2.92,0.15,0,NOMINAL
9.721,40,1,0.2861,0.2993,0.457,0,11757.48,24490.39,-53295.48,-0.0332,-0.0541,0.0,0.0,0.0,0,0.0,0,12.0,0.0,0,SAFE,255.0,100.0,100.0,0.0,0.0,100.0,100.0,75.79,2.94,0.152,0,NOMINAL
9.756,41,1,0.2876,0.2979,0.4552,0,11690.43,24643.97,-53282.62,-0.0421,-0.0603,0.0,0.0,0.0,0,0.0,0,19.4,0.0,0,SAFE,255.0,100.0,100.0,0.0,0.0,100.0,100.0,75.56,2.96,0.154,0,NOMINAL
9.786,42,1,0.2885,0.2967,0.4559,0,11795.16,24579.06,-53196.22,-0.0406,-0.0501,0.0,0.0,0.0,0,0.0,0,32.1,0.0,0,SAFE,255.0,100.0,100.0,0.0,0.0,100.0,100.0,75.34,2.97,0.156,0,NOMINAL
9.814,43,1,0.2806,0.2948,0.4568,0,11805.24,24673.4,-53158.65,-0.036,-0.0544,0.0,0.0,0.0,0,0.0,0,31.4,0.0,0,SAFE,255.0,100.0,100.0,0.0,0.0,100.0,100.0,75.13,2.99,0.158,0,NOMINAL
9.847,44,1,0.2812,0.2931,0.4569,0,11744.72,24623.25,-53198.44,-0.0386,-0.0555,0.0,0.0,0.0,0,0.0,0,20.4,0.0,0,SAFE,255.0,100.0,100.0,0.0,0.0,100.0,100.0,74.93,3.01,0.16,0,NOMINAL
9.878,45,1,0.2816,0.2918,0.4573,0,11747.95,24608.45,-53170.11,-0.0311,-0.0527,0.0,0.0,0.0,0,0.0,0,16.1,0.0,0,SAFE,255.0,100.0,100.0,0.0,0.0,100.0,100.0,74.73,3.02,0.161,0,NOMINAL
9.912,46,1,0.284,0.2908,0.4564,0,6538.76,-16207.99,64019.87,-0.0337,-0.0523,0.0,0.0,0.0,0,0.0,0,13.9,0.0,0,SAFE,255.0,100.0,100.0,0.0,0.0,100.0,100.0,74.54,3.04,0.163,0,NOMINAL
9.943,47,1,0.2848,0.2901,0.4571,0,11799.55,24713.34,-53105.55,-0.0317,-0.0519,0.0,0.0,0.0,0,0.0,0,21.8,0.0,0,SAFE,255.0,100.0,100.0,0.0,0.0,100.0,100.0,74.35,3.05,0.165,0,NOMINAL
9.984,48,1,0.2836,0.2893,0.4566,0,11816.57,24774.42,-53035.71,-0.0324,-0.052,0.0,0.0,0.0,0,0.0,0,24.1,0.0,0,SAFE,255.0,100.0,100.0,0.0,0.0,100.0,100.0,74.18,3.07,0.166,0,NOMINAL
10.024,49,1,0.2812,0.2883,0.4568,0,11819.56,24762.52,-53099.92,-0.0318,-0.0516,0.0,0.0,0.0,0,0.0,0,24.8,0.0,0,SAFE,255.0,100.0,100.0,0.0,0.0,100.0,100.0,74.0,3.08,0.168,0,NOMINAL
10.056,50,1,0.2854,0.288,0.4569,0,11878.29,24755.4,-52939.35,-0.032,-0.0523,0.0,0.0,0.0,0,0.0,0,22.9,0.0,0,SAFE,255.0,100.0,100.0,0.0,0.0,100.0,100.0,73.84,3.09,0.17,0,NOMINAL
10.09,51,1,0.2869,0.2878,0.4563,0,11765.34,24707.26,-53102.97,-0.0331,-0.0505,0.0,0.0,0.0,0,0.0,0,27.5,0.0,0,SAFE,255.0,100.0,100.0,0.0,0.0,100.0,100.0,73.67,3.11,0.171,0,NOMINAL
10.12,52,1,0.2864,0.2877,0.4564,0,11832.18,24698.25,-53032.7,-0.0281,-0.0544,0.0,0.0,0.0,0,0.0,0,29.2,0.0,0,SAFE,255.0,100.0,100.0,0.0,0.0,100.0,100.0,73.52,3.12,0.173,0,NOMINAL
10.153,53,1,0.3046,0.2897,0.4554,0,11892.36,24672.35,-53023.86,-0.0327,-0.0665,0.0,0.0,0.0,0,0.0,0,26.1,0.0,0,SAFE,255.0,100.0,100.0,0.0,0.0,100.0,100.0,73.37,3.13,0.174,0,NOMINAL
10.185,54,1,0.3079,0.2919,0.4566,0,12377.0,24844.92,-52568.48,-0.0252,-0.0665,0.0,0.0,0.0,0,0.0,0,16.9,0.0,0,SAFE,255.0,100.0,100.0,0.0,0.0,100.0,100.0,73.22,3.14,0.175,0,NOMINAL
10.215,55,1,0.3076,0.2938,0.4553,0,12354.52,24770.6,-52580.82,-0.0276,-0.069,0.0,0.0,0.0,0,0.0,0,12.3,0.0,0,SAFE,255.0,100.0,100.0,0.0,0.0,100.0,100.0,73.08,3.15,0.177,0,NOMINAL
10.252,56,1,0.2966,0.2941,0.4561,0,12694.82,25022.8,-52186.15,-0.0273,-0.0702,0.0,0.0,0.0,0,0.0,0,13.9,0.0,0,SAFE,255.0,100.0,100.0,0.0,0.0,100.0,100.0,72.95,3.16,0.178,0,NOMINAL
10.282,57,1,0.2966,0.2944,0.4587,0,12241.95,24732.37,-52593.39,-0.025,-0.0616,0.0,0.0,0.0,0,0.0,0,33.8,0.0,0,SAFE,255.0,100.0,100.0,0.0,0.0,100.0,100.0,72.81,3.17,0.179,0,NOMINAL
10.312,58,1,0.2925,0.2942,0.4573,0,12393.26,24751.15,-52476.36,-0.0275,-0.0657,0.0,0.0,0.0,0,0.0,0,21.7,0.0,0,SAFE,255.0,100.0,100.0,0.0,0.0,100.0,100.0,72.69,3.19,0.181,0,NOMINAL
10.346,59,1,0.2914,0.2939,0.4571,0,12272.76,24628.08,-52605.25,-0.0253,-0.0668,0.0,0.0,0.0,0,0.0,0,26.8,0.0,0,SAFE,255.0,100.0,100.0,0.0,0.0,100.0,100.0,72.56,3.19,0.182,0,NOMINAL
10.376,60,1,0.2868,0.293,0.4574,0,12538.13,24873.38,-52402.54,-0.0306,-0.0733,0.0,0.0,0.0,0,0.0,0,19.6,0.0,0,SAFE,255.0,100.0,100.0,0.0,0.0,100.0,100.0,72.45,3.2,0.183,0,NOMINAL
10.456,61,1,0.2915,0.2928,0.4577,0,12547.79,24736.18,-52449.17,-0.0351,-0.0807,0.0,0.0,0.0,0,0.0,0,26.0,0.0,0,SAFE,255.0,100.0,100.0,0.0,0.0,100.0,100.0,72.33,3.21,0.184,0,NOMINAL
10.472,62,1,0.2964,0.2933,0.4571,0,12270.69,24537.25,-52762.28,-0.0329,-0.0751,0.0,0.0,0.0,0,0.0,0,11.9,0.0,0,SAFE,255.0,100.0,100.0,0.0,0.0,100.0,100.0,72.22,3.22,0.185,0,NOMINAL
10.489,63,1,0.2977,0.2938,0.4566,0,12467.3,24691.13,-52584.42,-0.0321,-0.0812,0.0,0.0,0.0,0,0.0,0,22.5,0.0,0,SAFE,255.0,100.0,100.0,0.0,0.0,100.0,100.0,72.11,3.23,0.186,0,NOMINAL
10.52,64,1,0.3017,0.2947,0.4554,0,12160.12,24633.62,-52884.39,-0.0361,-0.0748,0.0,0.0,0.0,0,0.0,0,227.1,81.4,1,CRITICAL,255.0,100.0,100.0,0.0,0.0,100.0,18.6,71.6,3.27,0.192,0,NOMINAL
10.551,65,1,0.2909,0.2943,0.4566,0,11988.0,24674.11,-52970.21,-0.0245,-0.0756,0.0,0.0,0.0,0,0.0,0,33.9,0.0,0,SAFE,255.0,100.0,100.0,0.0,0.0,100.0,100.0,71.51,3.28,0.192,0,NOMINAL
10.587,66,1,0.2946,0.2943,0.4555,0,12166.6,24718.74,-52836.14,-0.0317,-0.0772,0.0,0.0,0.0,0,0.0,0,29.0,0.0,0,SAFE,255.0,100.0,100.0,0.0,0.0,100.0,100.0,71.43,3.29,0.193,0,NOMINAL
10.615,67,1,0.2983,0.2948,0.457,0,12346.75,24780.13,-52684.04,-0.0361,-0.0783,0.0,0.0,0.0,0,0.0,0,21.9,0.0,0,SAFE,227.1,100.0,100.0,0.0,0.0,100.0,100.0,71.35,3.29,0.194,0,NOMINAL
10.649,68,1,0.3008,0.2955,0.457,0,12181.29,24595.43,-52815.06,-0.0346,-0.0769,0.0,0.0,0.0,0,0.0,0,22.9,0.0,0,SAFE,227.1,100.0,100.0,0.0,0.0,100.0,100.0,71.27,3.3,0.195,0,NOMINAL
10.681,69,1,0.2891,0.2947,0.457,0,12564.79,24749.72,-52467.88,-0.035,-0.0778,0.0,0.0,0.0,0,0.0,0,18.3,0.0,0,SAFE,227.1,100.0,100.0,0.0,0.0,100.0,100.0,71.2,3.3,0.196,0,NOMINAL
10.712,70,1,0.295,0.2948,0.4573,0,12718.05,24820.63,-52298.7,-0.0315,-0.079,0.0,0.0,0.0,0,0.0,0,38.7,0.0,0,SAFE,227.1,100.0,100.0,0.0,0.0,100.0,100.0,71.12,3.31,0.197,0,NOMINAL
10.747,71,1,0.296,0.2949,0.4571,0,12557.97,24719.42,-52470.55,-0.0336,-0.0774,0.0,0.0,0.0,0,0.0,0,13.9,0.0,0,SAFE,227.1,100.0,100.0,0.0,0.0,100.0,100.0,71.05,3.32,0.197,0,NOMINAL
10.777,72,1,0.2928,0.2947,0.4572,0,12864.37,24815.35,-52159.82,-0.0364,-0.085,0.0,0.0,0.0,0,0.0,0,28.3,0.0,0,SAFE,227.1,100.0,100.0,0.0,0.0,100.0,100.0,70.98,3.32,0.198,0,NOMINAL
10.856,73,1,0.2712,0.2918,0.4576,0,12174.92,24815.37,-52709.28,-0.0314,-0.0669,0.0,0.0,0.0,0,0.0,0,21.0,0.0,0,SAFE,227.1,100.0,100.0,0.0,0.0,100.0,100.0,70.92,3.33,0.199,0,NOMINAL
10.887,74,1,0.2743,0.2897,0.4576,0,11830.41,24703.14,-52933.98,-0.0207,-0.0572,0.0,0.0,0.0,0,0.0,0,29.1,0.0,0,SAFE,227.1,100.0,100.0,0.0,0.0,100.0,100.0,70.85,3.33,0.199,0,NOMINAL
10.906,75,1,0.2748,0.2879,0.4574,0,11710.19,24636.46,-53034.93,-0.0182,-0.0552,0.0,0.0,0.0,0,0.0,0,12.0,0.0,0,SAFE,227.1,100.0,100.0,0.0,0.0,100.0,100.0,70.79,3.34,0.2,0,NOMINAL
10.924,76,1,0.2779,0.2867,0.4578,0,12037.29,24633.24,-52718.74,-0.0204,-0.0541,0.0,0.0,0.0,0,0.0,0,40.1,0.0,0,SAFE,227.1,100.0,100.0,0.0,0.0,100.0,100.0,70.73,3.34,0.201,0,NOMINAL
10.951,77,1,0.2825,0.2862,0.4568,0,12021.32,24696.57,-52737.42,-0.0184,-0.0541,0.0,0.0,0.0,0,0.0,0,4.6,0.0,0,SAFE,227.1,100.0,100.0,0.0,0.0,100.0,100.0,70.67,3.35,0.201,0,NOMINAL
10.983,78,1,0.2853,0.2861,0.4579,0,12137.75,24756.58,-52573.51,-0.0213,-0.0529,0.0,0.0,0.0,0,0.0,0,31.4,0.0,0,SAFE,227.1,100.0,100.0,0.0,0.0,100.0,100.0,70.62,3.35,0.202,0,NOMINAL
11.016,79,1,0.2757,0.2848,0.4582,0,11900.1,24770.59,-52766.78,-0.0185,-0.0482,0.0,0.0,0.0,0,0.0,0,19.2,0.0,0,SAFE,227.1,100.0,100.0,0.0,0.0,100.0,100.0,70.56,3.35,0.202,0,NOMINAL
11.047,80,1,0.2834,0.2846,0.4545,0,11917.53,24725.04,-52809.61,-0.0203,-0.0607,0.0,0.0,0.0,0,0.0,0,34.5,0.0,0,SAFE,227.1,100.0,100.0,0.0,0.0,100.0,100.0,70.51,3.36,0.203,0,NOMINAL
11.082,81,1,0.2852,0.2847,0.4564,0,12015.51,24645.89,-52727.58,-0.0169,-0.0486,0.0,0.0,0.0,0,0.0,0,19.0,0.0,0,SAFE,227.1,100.0,100.0,0.0,0.0,100.0,100.0,70.46,3.36,0.204,0,NOMINAL
11.111,82,1,0.2776,0.2838,0.4556,0,12137.52,24898.36,-52514.71,-0.026,-0.0563,0.0,0.0,0.0,0,0.0,0,17.2,0.0,0,SAFE,227.1,100.0,100.0,0.0,0.0,100.0,100.0,70.41,3.37,0.204,0,NOMINAL
11.145,83,1,0.2847,0.2839,0.458,0,12133.61,24793.45,-52593.15,-0.0182,-0.055,0.0,0.0,0.0,0,0.0,0,28.4,0.0,0,SAFE,227.1,100.0,100.0,0.0,0.0,100.0,100.0,70.37,3.37,0.205,0,NOMINAL
11.176,84,1,0.2833,0.2839,0.4559,0,12209.56,24838.31,-52448.82,-0.0186,-0.05,0.0,0.0,0.0,0,0.0,0,227.3,81.5,1,CRITICAL,227.3,100.0,100.0,0.0,0.0,100.0,18.5,69.91,3.41,0.21,0,NOMINAL
11.239,85,1,0.2806,0.2835,0.4568,0,11903.56,24743.24,-52817.44,-0.0131,-0.0449,0.0,0.0,0.0,0,0.0,0,12.1,0.0,0,SAFE,227.3,100.0,100.0,0.0,0.0,100.0,100.0,69.88,3.41,0.21,0,NOMINAL
11.286,86,1,0.2752,0.2825,0.459,0,12338.47,25045.75,-52427.4,-0.0174,-0.0502,0.0,0.0,0.0,0,0.0,0,25.8,0.0,0,SAFE,227.3,100.0,100.0,0.0,0.0,100.0,100.0,69.85,3.41,0.21,0,NOMINAL
11.323,87,1,0.2781,0.2819,0.4558,0,12105.4,25011.11,-52540.43,-0.018,-0.0529,0.0,0.0,0.0,0,0.0,0,21.4,0.0,0,SAFE,227.3,100.0,100.0,0.0,0.0,100.0,100.0,69.82,3.41,0.211,0,NOMINAL
11.341,88,1,0.2767,0.2813,0.4565,0,12242.77,25055.0,-52389.05,-0.0164,-0.0522,0.0,0.0,0.0,0,0.0,0,27.2,0.0,0,SAFE,227.3,100.0,100.0,0.0,0.0,100.0,100.0,69.8,3.42,0.211,0,NOMINAL
11.357,89,1,0.2818,0.2814,0.4589,0,12380.04,25081.96,-52324.3,-0.0165,-0.0497,0.0,0.0,0.0,0,0.0,0,21.0,0.0,0,SAFE,227.3,100.0,100.0,0.0,0.0,100.0,100.0,69.77,3.42,0.211,0,NOMINAL
11.384,90,1,0.2748,0.2806,0.46,0,12051.62,25042.67,-52486.75,-0.0149,-0.0472,0.0,0.0,0.0,0,0.0,0,215.8,73.8,1,CRITICAL,227.3,100.0,100.0,0.0,0.0,100.0,26.2,69.38,3.45,0.216,0,NOMINAL
11.417,91,1,0.2758,0.28,0.4584,0,12202.01,25072.34,-52346.09,-0.0196,-0.0486,0.0,0.0,0.0,0,0.0,0,33.0,0.0,0,SAFE,227.3,100.0,100.0,0.0,0.0,100.0,100.0,69.36,3.45,0.216,0,NOMINAL
11.448,92,1,0.2752,0.2794,0.457,0,12174.18,25088.41,-52433.13,-0.023,-0.0503,0.0,0.0,0.0,0,0.0,0,17.5,0.0,0,SAFE,227.3,100.0,100.0,0.0,0.0,100.0,100.0,69.35,3.45,0.216,0,NOMINAL
11.479,93,1,0.2853,0.2801,0.4582,0,12108.17,25122.89,-52397.33,-0.0182,-0.0491,0.0,0.0,0.0,0,0.0,0,24.4,0.0,0,SAFE,227.3,100.0,100.0,0.0,0.0,100.0,100.0,69.34,3.45,0.216,0,NOMINAL
11.513,94,1,0.2817,0.2803,0.4576,0,12142.92,25021.11,-52354.0,-0.016,-0.0508,0.0,0.0,0.0,0,0.0,0,22.3,0.0,0,SAFE,227.3,100.0,100.0,0.0,0.0,100.0,100.0,69.33,3.45,0.216,0,NOMINAL
11.545,95,1,0.2806,0.2803,0.4581,0,11621.39,24716.03,-52965.59,-0.0136,-0.0526,0.0,0.0,0.0,0,0.0,0,3.0,0.0,0,SAFE,227.3,100.0,100.0,0.0,0.0,100.0,100.0,69.32,3.45,0.216,0,NOMINAL
11.577,96,1,0.2804,0.2804,0.4566,0,11879.12,24830.66,-52734.67,-0.0191,-0.0534,0.0,0.0,0.0,0,0.0,0,210.0,70.0,1,WARN,227.3,100.0,100.0,0.0,0.0,100.0,30.0,68.96,3.48,0.22,0,NOMINAL
11.643,97,1,0.2782,0.2801,0.4558,0,11658.6,24788.97,-53015.01,-0.0189,-0.0526,0.0,0.0,0.0,0,0.0,0,30.7,0.0,0,SAFE,227.3,100.0,100.0,0.0,0.0,100.0,100.0,68.96,3.48,0.22,0,NOMINAL
11.673,98,1,0.2798,0.2801,0.4556,0,12385.67,25203.37,-52101.81,-0.015,-0.0553,0.0,0.0,0.0,0,0.0,0,27.1,0.0,0,SAFE,227.3,100.0,100.0,0.0,0.0,100.0,100.0,68.96,3.48,0.22,0,NOMINAL
11.723,99,1,0.279,0.2799,0.4588,0,12127.87,24947.88,-52334.27,-0.0134,-0.0557,0.0,0.0,0.0,0,0.0,0,32.2,0.0,0,SAFE,227.3,100.0,100.0,0.0,0.0,100.0,100.0,68.96,3.48,0.22,0,NOMINAL
11.744,100,1,0.2818,0.2802,0.454,0,12374.37,25062.46,-52139.34,-0.0168,-0.0562,0.0,0.0,0.0,0,0.0,0,28.2,0.0,0,SAFE,227.3,100.0,100.0,0.0,0.0,100.0,100.0,68.96,3.48,0.22,0,NOMINAL
11.767,101,1,0.2762,0.2797,0.4617,0,11997.86,24871.43,-52374.58,-0.0189,-0.0552,0.0,0.0,0.0,0,0.0,0,249.5,96.4,1,CRITICAL,249.5,100.0,100.0,0.0,0.0,100.0,3.6,68.48,3.52,0.226,0,NOMINAL
11.785,102,1,0.276,0.2792,0.4565,0,12307.85,25109.75,-52085.44,-0.0228,-0.061,0.0,0.0,0.0,0,0.0,0,13.0,0.0,0,SAFE,249.5,100.0,100.0,0.0,0.0,100.0,100.0,68.5,3.52,0.226,0,NOMINAL
11.819,103,1,0.2785,0.2791,0.4581,0,12345.76,24935.67,-52181.64,-0.0249,-0.0587,0.0,0.0,0.0,0,0.0,0,42.2,0.0,0,SAFE,249.5,100.0,100.0,0.0,0.0,100.0,100.0,68.52,3.52,0.225,0,NOMINAL
11.85,104,1,0.2791,0.2791,0.4583,0,12682.1,25129.96,-51828.95,-0.0215,-0.0583,0.0,0.0,0.0,0,0.0,0,31.2,0.0,0,SAFE,249.5,100.0,100.0,0.0,0.0,100.0,100.0,68.53,3.52,0.225,0,NOMINAL
11.88,105,1,0.2786,0.2791,0.4602,0,12438.9,25033.94,-52175.47,-0.015,-0.0568,0.0,0.0,0.0,0,0.0,0,21.2,0.0,0,SAFE,249.5,100.0,100.0,0.0,0.0,100.0,100.0,68.55,3.52,0.225,0,NOMINAL
11.912,106,1,0.2781,0.279,0.4598,0,12183.28,24918.26,-52378.1,-0.0177,-0.0596,0.0,0.0,0.0,0,0.0,0,19.7,0.0,0,SAFE,249.5,100.0,100.0,0.0,0.0,100.0,100.0,68.56,3.52,0.225,0,NOMINAL
11.946,107,1,0.2856,0.2798,0.4578,0,12057.96,24761.72,-52538.34,-0.0206,-0.06,0.0,0.0,0.0,0,0.0,0,17.4,0.0,0,SAFE,249.5,100.0,100.0,0.0,0.0,100.0,100.0,68.58,3.51,0.225,0,NOMINAL
11.974,108,1,0.2838,0.2803,0.4562,0,12054.88,24822.75,-52507.31,-0.0192,-0.0618,0.0,0.0,0.0,0,0.0,0,34.4,0.0,0,SAFE,249.5,100.0,100.0,0.0,0.0,100.0,100.0,68.59,3.51,0.225,0,NOMINAL
12.039,109,1,0.2815,0.2804,0.4596,0,12268.45,24936.69,-52286.19,-0.0225,-0.059,0.0,0.0,0.0,0,0.0,0,40.5,0.0,0,SAFE,249.5,100.0,100.0,0.0,0.0,100.0,100.0,68.6,3.51,0.224,0,NOMINAL
12.07,110,1,0.2805,0.2804,0.4604,0,12412.56,24944.16,-52207.7,-0.0188,-0.0581,0.0,0.0,0.0,0,0.0,0,24.2,0.0,0,SAFE,249.5,100.0,100.0,0.0,0.0,100.0,100.0,68.62,3.51,0.224,0,NOMINAL
12.12,111,1,0.2847,0.2809,0.4596,0,12619.17,24954.32,-52043.04,-0.0171,-0.0559,0.0,0.0,0.0,0,0.0,0,18.3,0.0,0,SAFE,249.5,100.0,100.0,0.0,0.0,100.0,100.0,68.63,3.51,0.224,0,NOMINAL
12.152,112,1,0.2779,0.2806,0.4595,0,12606.69,24941.42,-52044.99,-0.0211,-0.0598,0.0,0.0,0.0,0,0.0,0,15.9,0.0,0,SAFE,249.5,100.0,100.0,0.0,0.0,100.0,100.0,68.64,3.51,0.224,0,NOMINAL
12.173,113,1,0.2754,0.2799,0.4586,0,12472.88,24948.0,-52066.52,-0.018,-0.0571,0.0,0.0,0.0,0,0.0,0,20.3,0.0,0,SAFE,249.5,100.0,100.0,0.0,0.0,100.0,100.0,68.65,3.51,0.224,0,NOMINAL
12.189,114,1,0.28,0.2799,0.4593,0,12681.68,25015.6,-51988.1,-0.0202,-0.0585,0.0,0.0,0.0,0,0.0,0,21.3,0.0,0,SAFE,249.5,100.0,100.0,0.0,0.0,100.0,100.0,68.67,3.51,0.224,0,NOMINAL
12.215,115,1,0.286,0.2807,0.46,0,12619.62,25008.82,-52070.38,-0.0162,-0.0586,0.0,0.0,0.0,0,0.0,0,16.5,0.0,0,SAFE,249.5,100.0,100.0,0.0,0.0,100.0,100.0,68.68,3.51,0.224,0,NOMINAL
12.249,116,1,0.2851,0.2812,0.4589,0,12521.45,25038.9,-52152.81,-0.0225,-0.0602,0.0,0.0,0.0,0,0.0,0,20.0,0.0,0,SAFE,249.5,100.0,100.0,0.0,0.0,100.0,100.0,68.69,3.5,0.223,0,NOMINAL
12.282,117,1,0.2865,0.2819,0.4604,0,12894.43,25271.41,-51659.47,-0.0173,-0.0602,0.0,0.0,0.0,0,0.0,0,15.8,0.0,0,SAFE,249.5,100.0,100.0,0.0,0.0,100.0,100.0,68.7,3.5,0.223,0,NOMINAL
12.312,118,1,0.2849,0.2822,0.4585,0,12632.65,25242.59,-51997.56,-0.0205,-0.0567,0.0,0.0,0.0,0,0.0,0,19.5,0.0,0,SAFE,249.5,100.0,100.0,0.0,0.0,100.0,100.0,68.71,3.5,0.223,0,NOMINAL
12.345,119,1,0.2794,0.2819,0.4616,0,12539.68,25038.01,-52075.09,-0.0203,-0.0581,0.0,0.0,0.0,0,0.0,0,10.6,0.0,0,SAFE,249.5,100.0,100.0,0.0,0.0,100.0,100.0,68.72,3.5,0.223,0,NOMINAL
12.378,120,1,0.2837,0.2821,0.459,0,12332.77,24827.04,-52369.15,-0.0188,-0.0569,0.0,0.0,0.0,0,0.0,0,0.0,0.0,0,SAFE,249.5,100.0,100.0,0.0,0.0,100.0,100.0,68.73,3.5,0.223,0,NOMINAL
12.44,121,1,0.2835,0.2823,0.4582,0,12473.16,24939.08,-52364.17,-0.0117,-0.0626,0.0,0.0,0.0,0,0.0,0,14.1,0.0,0,SAFE,249.5,100.0,100.0,0.0,0.0,100.0,100.0,68.74,3.5,0.223,0,NOMINAL
12.471,122,1,0.2821,0.2823,0.4584,0,12575.86,25080.8,-52089.39,-0.0116,-0.0574,0.0,0.0,0.0,0,0.0,0,21.7,0.0,0,SAFE,249.5,100.0,100.0,0.0,0.0,100.0,100.0,68.75,3.5,0.223,0,NOMINAL
12.503,123,1,0.2928,0.2835,0.4591,0,12624.06,25133.46,-52041.4,-0.0171,-0.0575,0.0,0.0,0.0,0,0.0,0,34.8,0.0,0,SAFE,249.5,100.0,100.0,0.0,0.0,100.0,100.0,68.75,3.5,0.223,0,NOMINAL
12.551,124,1,0.2917,0.2845,0.4584,0,12465.22,25032.24,-52262.66,-0.0074,-0.056,0.0,0.0,0.0,0,0.0,0,18.3,0.0,0,SAFE,249.5,100.0,100.0,0.0,0.0,100.0,100.0,68.76,3.5,0.223,0,NOMINAL
12.584,125,1,0.2938,0.2856,0.4589,0,12671.59,25181.83,-52110.87,-0.0067,-0.0554,0.0,0.0,0.0,0,0.0,0,15.1,0.0,0,SAFE,249.5,100.0,100.0,0.0,0.0,100.0,100.0,68.77,3.5,0.222,0,NOMINAL
12.602,126,1,0.2901,0.2862,0.4599,0,12511.39,25124.14,-52217.9,-0.0081,-0.0552,0.0,0.0,0.0,0,0.0,0,15.8,0.0,0,SAFE,249.5,100.0,100.0,0.0,0.0,100.0,100.0,68.78,3.5,0.222,0,NOMINAL
12.619,127,1,0.2916,0.2868,0.4592,0,12506.25,25187.31,-52128.41,-0.0085,-0.0576,0.0,0.0,0.0,0,0.0,0,14.8,0.0,0,SAFE,249.5,100.0,100.0,0.0,0.0,100.0,100.0,68.79,3.5,0.222,0,NOMINAL
12.646,128,1,0.2903,0.2873,0.4597,0,12703.59,25082.02,-52048.63,-0.0148,-0.0593,0.0,0.0,0.0,0,0.0,0,25.4,0.0,0,SAFE,249.5,100.0,100.0,0.0,0.0,100.0,100.0,68.79,3.5,0.222,0,NOMINAL
12.677,129,1,0.2975,0.2885,0.4589,0,12623.92,25143.79,-51993.53,-0.0112,-0.0587,0.0,0.0,0.0,0,0.0,0,27.4,0.0,0,SAFE,249.5,100.0,100.0,0.0,0.0,100.0,100.0,68.8,3.5,0.222,0,NOMINAL
12.711,130,1,0.2969,0.2895,0.4581,0,12313.04,24947.78,-52213.35,-0.013,-0.0572,0.0,0.0,0.0,0,0.0,0,20.1,0.0,0,SAFE,249.5,100.0,100.0,0.0,0.0,100.0,100.0,68.81,3.5,0.222,0,NOMINAL
12.743,131,1,0.2832,0.2887,0.4591,0,11953.08,24787.15,-52584.21,-0.0154,-0.0575,0.0,0.0,0.0,0,0.0,0,21.1,0.0,0,SAFE,42.2,100.0,100.0,0.0,0.0,100.0,100.0,68.81,3.49,0.222,0,NOMINAL
12.776,132,1,0.2864,0.2885,0.4612,0,12374.51,24897.61,-52156.53,-0.0094,-0.0545,0.0,0.0,0.0,0,0.0,0,45.3,0.0,0,SAFE,45.3,100.0,100.0,0.0,0.0,100.0,100.0,68.82,3.49,0.222,0,NOMINAL
12.839,133,1,0.2978,0.2896,0.4606,0,12281.61,24779.03,-52401.25,0.0023,-0.0593,0.0,0.0,0.0,0,0.0,0,33.3,0.0,0,SAFE,45.3,100.0,100.0,0.0,0.0,100.0,100.0,68.82,3.49,0.222,0,NOMINAL
12.871,134,1,0.2966,0.2904,0.4591,0,11931.68,24825.62,-52755.13,0.0055,-0.0541,0.0,0.0,0.0,0,0.0,0,16.5,0.0,0,SAFE,45.3,100.0,100.0,0.0,0.0,100.0,100.0,68.83,3.49,0.222,0,NOMINAL
12.903,135,1,0.2945,0.2909,0.457,0,12192.61,25008.94,-52436.32,-0.0004,-0.0569,0.0,0.0,0.0,0,0.0,0,23.3,0.0,0,SAFE,45.3,100.0,100.0,0.0,0.0,100.0,100.0,68.84,3.49,0.222,0,NOMINAL
12.934,136,1,0.2962,0.2916,0.4599,0,12210.02,24937.23,-52412.12,-0.0002,-0.0588,0.0,0.0,0.0,0,0.0,0,18.8,0.0,0,SAFE,45.3,100.0,100.0,0.0,0.0,100.0,100.0,68.84,3.49,0.222,0,NOMINAL
12.981,137,1,0.2897,0.2913,0.459,0,12598.09,25084.5,-51937.95,-0.0006,-0.0532,0.0,0.0,0.0,0,0.0,0,19.7,0.0,0,SAFE,45.3,100.0,100.0,0.0,0.0,100.0,100.0,68.85,3.49,0.222,0,NOMINAL
13.015,138,1,0.2937,0.2916,0.4599,0,11982.84,24754.55,-52616.09,0.0116,-0.0445,0.0,0.0,0.0,0,0.0,0,25.2,0.0,0,SAFE,45.3,100.0,100.0,0.0,0.0,100.0,100.0,68.85,3.49,0.222,0,NOMINAL
13.032,139,1,0.2929,0.2918,0.4602,0,12039.04,24859.04,-52544.59,0.0126,-0.0446,0.0,0.0,0.0,0,0.0,0,9.7,0.0,0,SAFE,45.3,100.0,100.0,0.0,0.0,100.0,100.0,68.86,3.49,0.221,0,NOMINAL
13.048,140,1,0.3025,0.2931,0.4613,0,12035.0,24821.9,-52523.23,0.0206,-0.0416,0.0,0.0,0.0,0,0.0,0,35.2,0.0,0,SAFE,45.3,100.0,100.0,0.0,0.0,100.0,100.0,68.86,3.49,0.221,0,NOMINAL
13.079,141,1,0.3036,0.2943,0.4584,0,12107.49,24899.85,-52378.1,0.0188,-0.0454,0.0,0.0,0.0,0,0.0,0,7.1,0.0,0,SAFE,45.3,100.0,100.0,0.0,0.0,100.0,100.0,68.87,3.49,0.221,0,NOMINAL
13.112,142,1,0.304,0.2955,0.4574,0,11832.44,24819.5,-52655.89,0.02,-0.045,0.0,0.0,0.0,0,0.0,0,23.2,0.0,0,SAFE,45.3,100.0,100.0,0.0,0.0,100.0,100.0,68.87,3.49,0.221,0,NOMINAL
13.142,143,1,0.3073,0.2969,0.4595,0,12434.1,25077.67,-52120.89,0.0196,-0.0507,0.0,0.0,0.0,0,0.0,0,14.1,0.0,0,SAFE,45.3,100.0,100.0,0.0,0.0,100.0,100.0,68.88,3.49,0.221,0,NOMINAL
13.176,144,1,0.3019,0.2975,0.4622,0,11928.78,25002.89,-52584.28,0.0276,-0.0491,0.0,0.0,0.0,0,0.0,0,34.8,0.0,0,SAFE,45.3,100.0,100.0,0.0,0.0,100.0,100.0,68.88,3.49,0.221,0,NOMINAL
13.238,145,1,0.3023,0.2981,0.4587,0,12013.04,24879.69,-52433.03,0.024,-0.0426,0.0,0.0,0.0,0,0.0,0,14.8,0.0,0,SAFE,45.3,100.0,100.0,0.0,0.0,100.0,100.0,68.88,3.49,0.221,0,NOMINAL
13.271,146,1,0.3088,0.2994,0.4566,0,11663.47,24742.22,-52758.01,0.0189,-0.0459,0.0,0.0,0.0,0,0.0,0,19.3,0.0,0,SAFE,45.3,100.0,100.0,0.0,0.0,100.0,100.0,68.89,3.49,0.221,0,NOMINAL
13.303,147,1,0.3142,0.3012,0.4551,0,11216.79,24595.82,-53286.72,0.0441,-0.0408,0.0,0.0,0.0,0,0.0,0,28.0,0.0,0,SAFE,45.3,100.0,100.0,0.0,0.0,100.0,100.0,68.89,3.49,0.221,0,NOMINAL
13.333,148,1,0.3144,0.3028,0.454,0,11213.08,24233.4,-53205.49,0.014,-0.0451,0.0,0.0,0.0,0,0.0,0,21.3,0.0,0,SAFE,45.3,100.0,100.0,0.0,0.0,100.0,100.0,68.89,3.49,0.221,0,NOMINAL
13.369,149,1,0.2995,0.3024,0.4559,0,11313.03,24451.81,-52950.97,0.0086,-0.0505,0.0,0.0,0.0,0,0.0,0,255.0,100.0,1,CRITICAL,255.0,100.0,100.0,0.0,0.0,100.0,0.0,68.4,3.53,0.227,0,NOMINAL
13.413,150,1,0.2969,0.3017,0.4551,0,11524.07,24501.11,-52704.07,0.0052,-0.0505,0.0,0.0,0.0,0,0.0,0,33.1,0.0,0,SAFE,255.0,100.0,100.0,0.0,0.0,100.0,100.0,68.42,3.53,0.227,0,NOMINAL
13.427,151,1,0.2975,0.3012,0.4559,0,6951.19,-16848.78,64129.8,0.0178,-0.0481,0.0,0.0,0.0,0,0.0,0,20.7,0.0,0,SAFE,255.0,100.0,100.0,0.0,0.0,100.0,100.0,68.44,3.52,0.226,0,NOMINAL
13.445,152,1,0.2925,0.3002,0.455,0,11256.51,24275.68,-53104.38,0.0103,-0.0537,0.0,0.0,0.0,0,0.0,0,197.0,61.3,1,WARN,255.0,100.0,100.0,0.0,0.0,100.0,38.7,68.15,3.55,0.23,0,NOMINAL
13.477,153,1,0.279,0.2976,0.4556,0,10625.98,24183.28,-53653.59,-0.0025,-0.0503,0.0,0.0,0.0,0,0.0,0,20.3,0.0,0,SAFE,255.0,100.0,100.0,0.0,0.0,100.0,100.0,68.18,3.55,0.229,0,NOMINAL
13.51,154,1,0.1857,0.2841,0.457,0,10361.28,24039.24,-54138.63,-0.0343,-0.0304,0.0,0.0,0.0,0,0.0,0,28.2,0.0,0,SAFE,255.0,100.0,100.0,0.0,0.0,100.0,100.0,68.21,3.54,0.229,0,NOMINAL
13.541,155,1,0.1322,0.2657,0.4557,0,9968.67,23601.37,-54460.07,-0.0287,-0.0074,0.0,0.0,0.0,0,0.0,0,22.8,0.0,0,SAFE,255.0,100.0,100.0,0.0,0.0,100.0,100.0,68.23,3.54,0.229,0,NOMINAL
13.573,156,1,0.1355,0.2499,0.4577,0,9305.99,23282.06,-54956.48,0.0127,-0.0002,0.0,0.0,0.0,0,0.0,0,18.8,0.0,0,SAFE,255.0,99.82,100.0,0.0,0.0,100.0,100.0,68.26,3.54,0.228,0,NOMINAL
13.637,157,1,0.2571,0.2508,0.4564,0,10500.78,24274.4,-53807.41,0.0316,-0.0284,0.0,0.0,0.0,0,0.0,0,19.2,0.0,0,SAFE,255.0,100.0,100.0,0.0,0.0,100.0,100.0,68.28,3.54,0.228,0,NOMINAL
13.673,158,1,0.2621,0.2522,0.4535,0,9719.73,24293.45,-54076.5,0.015,-0.0298,0.0,0.0,0.0,0,0.0,0,25.3,0.0,0,SAFE,255.0,100.0,100.0,0.0,0.0,100.0,100.0,68.3,3.54,0.228,0,NOMINAL
13.702,159,1,0.2719,0.2545,0.4519,0,9483.43,24288.15,-54452.06,0.0172,-0.0314,0.0,0.0,0.0,0,0.0,0,12.0,0.0,0,SAFE,255.0,100.0,100.0,0.0,0.0,100.0,100.0,68.33,3.53,0.228,0,NOMINAL
13.733,160,1,0.2735,0.2568,0.453,0,9303.13,24181.18,-54986.79,0.03,-0.0264,0.0,0.0,0.0,0,0.0,0,23.6,0.0,0,SAFE,255.0,100.0,100.0,0.0,0.0,100.0,100.0,68.35,3.53,0.227,0,NOMINAL
13.767,161,1,0.2687,0.2583,0.4517,0,9586.06,24628.44,-54810.43,0.035,-0.025,0.0,0.0,0.0,0,0.0,0,35.7,0.0,0,SAFE,255.0,100.0,100.0,0.0,0.0,100.0,100.0,68.37,3.53,0.227,0,NOMINAL
13.814,162,1,0.2365,0.2556,0.4542,0,9616.62,24764.77,-55174.84,0.0206,-0.0291,0.0,0.0,0.0,0,0.0,0,26.8,0.0,0,SAFE,255.0,100.0,100.0,0.0,0.0,100.0,100.0,68.39,3.53,0.227,0,NOMINAL
13.847,163,1,0.264,0.2566,0.4534,0,8284.18,24133.33,-56813.15,0.0106,-0.0287,0.0,0.0,0.0,0,0.0,0,223.8,79.2,1,CRITICAL,255.0,100.0,100.0,0.0,0.0,100.0,20.8,68.02,3.56,0.231,0,NOMINAL
13.863,164,1,0.2558,0.2565,0.4511,0,8140.28,23774.72,-57155.0,0.0022,-0.0284,0.0,0.0,0.0,0,0.0,0,25.1,0.0,0,SAFE,255.0,100.0,100.0,0.0,0.0,100.0,100.0,68.05,3.56,0.231,0,NOMINAL
13.878,165,1,0.2664,0.2577,0.4539,0,8419.46,24396.73,-57198.48,-0.0014,-0.0282,0.0,0.0,0.0,0,0.0,0,16.5,0.0,0,SAFE,255.0,100.0,100.0,0.0,0.0,100.0,100.0,68.08,3.55,0.231,0,NOMINAL
13.909,166,1,0.2571,0.2576,0.4548,0,8703.18,24514.31,-57083.79,-0.0065,-0.0389,0.0,0.0,0.0,0,0.0,0,11.4,0.0,0,SAFE,255.0,100.0,100.0,0.0,0.0,100.0,100.0,68.11,3.55,0.23,0,NOMINAL
13.942,167,1,0.2385,0.2553,0.4539,0,8839.62,24340.15,-57545.8,-0.0132,-0.037,0.0,0.0,0.0,0,0.0,0,19.5,0.0,0,SAFE,255.0,100.0,100.0,0.0,0.0,100.0,100.0,68.14,3.55,0.23,0,NOMINAL
13.974,168,1,0.2313,0.2524,0.4555,0,8845.76,24621.84,-57635.13,-0.0163,-0.0374,0.0,0.0,0.0,0,0.0,0,22.8,0.0,0,SAFE,255.0,100.0,100.0,0.0,0.0,100.0,100.0,68.17,3.55,0.229,0,NOMINAL
14.037,169,1,0.2578,0.2531,0.4551,0,8419.07,24405.89,-58373.65,0.0015,-0.0402,0.0,0.0,0.0,0,0.0,0,16.5,0.0,0,SAFE,255.0,100.0,100.0,0.0,0.0,100.0,100.0,68.2,3.54,0.229,0,NOMINAL
14.073,170,1,0.256,0.2534,0.4543,0,8154.4,24350.24,-58612.03,0.0097,-0.0278,0.0,0.0,0.0,0,0.0,0,18.6,0.0,0,SAFE,255.0,100.0,100.0,0.0,0.0,100.0,100.0,68.22,3.54,0.229,0,NOMINAL
14.102,171,1,0.2733,0.2558,0.4552,0,8571.27,24383.09,-57866.01,0.0157,-0.0285,0.0,0.0,0.0,0,0.0,0,3.6,0.0,0,SAFE,255.0,100.0,100.0,0.0,0.0,100.0,100.0,68.25,3.54,0.229,0,NOMINAL
14.135,172,1,0.2621,0.2566,0.4579,0,8919.14,24498.75,-57707.01,0.0175,-0.0379,0.0,0.0,0.0,0,0.0,0,12.7,0.0,0,SAFE,255.0,100.0,100.0,0.0,0.0,100.0,100.0,68.28,3.54,0.228,0,NOMINAL
14.169,173,1,0.2613,0.2572,0.456,0,9080.94,24435.32,-57300.79,0.0144,-0.0394,0.0,0.0,0.0,0,0.0,0,15.9,0.0,0,SAFE,255.0,100.0,100.0,0.0,0.0,100.0,100.0,68.3,3.54,0.228,0,NOMINAL
14.199,174,1,0.2638,0.258,0.4581,0,9845.69,24867.33,-56420.59,0.0209,-0.0341,0.0,0.0,0.0,0,0.0,0,15.7,0.0,0,SAFE,255.0,100.0,100.0,0.0,0.0,100.0,100.0,68.32,3.53,0.228,0,NOMINAL
14.247,175,1,0.2471,0.2566,0.4563,0,9329.79,24749.05,-56828.99,0.0171,-0.0335,0.0,0.0,0.0,0,0.0,0,29.0,0.0,0,SAFE,255.0,100.0,100.0,0.0,0.0,100.0,100.0,68.35,3.53,0.227,0,NOMINAL
14.278,176,1,0.2547,0.2564,0.4576,0,9055.5,24857.36,-57016.07,0.0216,-0.042,0.0,0.0,0.0,0,0.0,0,13.3,0.0,0,SAFE,255.0,100.0,100.0,0.0,0.0,100.0,100.0,68.37,3.53,0.227,0,NOMINAL
14.294,177,1,0.2379,0.2542,0.4567,0,9404.03,24838.1,-56741.41,0.0209,-0.0351,0.0,0.0,0.0,0,0.0,0,27.6,0.0,0,SAFE,255.0,100.0,100.0,0.0,0.0,100.0,100.0,68.39,3.53,0.227,0,NOMINAL
14.31,178,1,0.2519,0.2539,0.4563,0,9281.96,24792.25,-56906.41,0.0204,-0.038,0.0,0.0,0.0,0,0.0,0,22.2,0.0,0,SAFE,255.0,100.0,100.0,0.0,0.0,100.0,100.0,68.41,3.53,0.227,0,NOMINAL
14.34,179,1,0.2537,0.2539,0.4568,0,9362.45,25084.83,-57182.64,0.0238,-0.0509,0.0,0.0,0.0,0,0.0,0,41.6,0.0,0,SAFE,223.8,100.0,100.0,0.0,0.0,100.0,100.0,68.43,3.53,0.226,0,NOMINAL
14.373,180,1,0.2534,0.2538,0.4554,0,8982.66,24884.0,-58059.89,0.0281,-0.0409,0.0,0.0,0.0,0,0.0,0,193.8,59.2,1,WARN,223.8,100.0,100.0,0.0,0.0,100.0,40.8,68.15,3.55,0.23,0,NOMINAL
14.438,181,1,0.236,0.2517,0.4536,0,7431.97,24949.16,-60211.64,0.0152,-0.0342,0.0,0.0,0.0,0,0.0,0,255.0,100.0,1,CRITICAL,255.0,100.0,100.0,0.0,0.0,100.0,0.0,67.68,3.59,0.235,0,NOMINAL
14.472,182,1,0.2686,0.2537,0.4542,0,7649.67,24943.59,-60437.55,0.0059,-0.0397,0.0,0.0,0.0,0,0.0,0,26.2,0.0,0,SAFE,255.0,100.0,100.0,0.0,0.0,100.0,100.0,67.72,3.58,0.235,0,NOMINAL
14.504,183,1,0.2729,0.256,0.4542,0,6722.25,24174.27,-61517.44,-0.0066,-0.0383,0.0,0.0,0.0,0,0.0,0,4.1,0.0,0,SAFE,255.0,100.0,100.0,0.0,0.0,100.0,100.0,67.77,3.58,0.234,0,NOMINAL
14.538,184,1,0.268,0.2575,0.4536,0,7137.32,24717.08,-62247.72,-0.0008,-0.0283,0.0,0.0,0.0,0,0.0,0,21.1,0.0,0,SAFE,255.0,100.0,100.0,0.0,0.0,100.0,100.0,67.81,3.58,0.234,0,NOMINAL
14.567,185,1,0.2477,0.2563,0.4547,0,7228.25,24541.3,-62636.8,-0.0157,-0.041,0.0,0.0,0.0,0,0.0,0,14.1,0.0,0,SAFE,255.0,100.0,100.0,0.0,0.0,100.0,100.0,67.85,3.57,0.233,0,NOMINAL
14.599,186,1,0.2439,0.2548,0.4552,0,6825.49,24772.63,-63512.36,-0.0311,-0.04,0.0,0.0,0.0,0,0.0,0,31.4,0.0,0,SAFE,255.0,100.0,100.0,0.0,0.0,100.0,100.0,67.89,3.57,0.233,0,NOMINAL
14.633,187,1,0.2357,0.2525,0.4567,0,6872.17,24969.49,-63848.32,-0.0341,-0.0308,0.0,0.0,0.0,0,0.0,0,27.0,0.0,0,SAFE,255.0,100.0,100.0,0.0,0.0,100.0,100.0,67.92,3.57,0.232,0,NOMINAL
14.677,188,1,0.2325,0.2501,0.4562,0,6856.17,24669.78,-64266.22,-0.0187,-0.0328,0.0,0.0,0.0,0,0.0,0,23.6,0.0,0,SAFE,255.0,100.0,100.0,0.0,0.0,100.0,100.0,67.96,3.56,0.232,0,NOMINAL
14.71,189,1,0.2447,0.2494,0.4547,0,6710.01,24869.06,-64459.16,-0.0324,-0.0303,0.0,0.0,0.0,0,0.0,0,23.1,0.0,0,SAFE,255.0,98.84,100.0,0.0,0.0,100.0,100.0,67.98,3.56,0.232,0,NOMINAL
14.726,190,1,0.2361,0.2478,0.4558,0,6900.63,24947.15,-64317.83,-0.0336,-0.0323,0.0,0.0,0.0,0,0.0,0,16.8,0.0,0,SAFE,255.0,95.61,100.0,0.0,0.0,100.0,100.0,67.98,3.56,0.232,0,NOMINAL
14.744,191,1,0.2572,0.2489,0.4559,0,6838.41,25292.12,-64412.12,-0.0324,-0.0363,0.0,0.0,0.0,0,0.0,0,173.3,44.4,1,MILD,255.0,97.88,100.0,0.0,0.0,100.0,55.6,67.77,3.58,0.234,0,NOMINAL
14.774,192,1,0.2409,0.248,0.4569,0,7111.87,25359.44,-63967.66,-0.027,-0.0277,0.0,0.0,0.0,0,0.0,0,12.5,0.0,0,SAFE,255.0,95.94,100.0,0.0,0.0,100.0,100.0,67.78,3.58,0.234,0,NOMINAL
14.837,193,1,0.2526,0.2485,0.4539,0,6364.3,24399.44,-64368.82,-0.021,-0.0303,0.0,0.0,0.0,0,0.0,0,218.7,75.8,1,CRITICAL,255.0,97.06,100.0,0.0,0.0,100.0,24.2,67.42,3.61,0.238,0,NOMINAL
14.87,194,1,0.2616,0.2501,0.4571,0,7025.91,24798.37,-63871.73,-0.0266,-0.0288,0.0,0.0,0.0,0,0.0,0,13.0,0.0,0,SAFE,255.0,100.0,100.0,0.0,0.0,100.0,100.0,67.47,3.6,0.238,0,NOMINAL
14.903,195,1,0.2416,0.2491,0.4593,0,6717.05,24339.97,-63966.96,-0.0276,-0.0329,0.0,0.0,0.0,0,0.0,0,22.9,0.0,0,SAFE,255.0,98.15,100.0,0.0,0.0,100.0,100.0,67.5,3.6,0.237,0,NOMINAL
14.936,196,1,0.2357,0.2475,0.4597,0,7346.61,24761.3,-63430.95,-0.0252,-0.0346,0.0,0.0,0.0,0,0.0,0,15.5,0.0,0,SAFE,255.0,94.91,100.0,0.0,0.0,100.0,100.0,67.51,3.6,0.237,0,NOMINAL
14.965,197,1,0.2462,0.2473,0.4565,0,7690.82,25085.5,-63062.42,-0.0218,-0.036,0.0,0.0,0.0,0,0.0,0,29.4,0.0,0,SAFE,255.0,94.6,100.0,0.0,0.0,100.0,100.0,67.51,3.6,0.237,0,NOMINAL
14.999,198,1,0.2543,0.2481,0.4584,0,7425.55,24392.38,-63472.3,-0.0236,-0.0466,0.0,0.0,0.0,0,0.0,0,15.3,0.0,0,SAFE,255.0,96.29,100.0,0.0,0.0,100.0,100.0,67.53,3.6,0.237,0,NOMINAL
15.031,199,1,0.253,0.2487,0.4569,0,7272.65,24745.58,-63573.41,-0.0173,-0.0457,0.0,0.0,0.0,0,0.0,0,30.0,0.0,0,SAFE,255.0,97.47,100.0,0.0,0.0,100.0,100.0,67.56,3.6,0.237,0,NOMINAL
15.063,200,1,0.2549,0.2495,0.4586,0,7193.24,24620.02,-63617.38,-0.022,-0.0461,0.0,0.0,0.0,0,0.0,0,28.0,0.0,0,SAFE,255.0,98.97,100.0,0.0,0.0,100.0,100.0,67.6,3.59,0.236,0,NOMINAL
15.109,201,1,0.2496,0.2495,0.4588,0,7225.07,24837.74,-63540.81,-0.0192,-0.0424,0.0,0.0,0.0,0,0.0,0,24.0,0.0,0,SAFE,255.0,99.01,100.0,0.0,0.0,100.0,100.0,67.63,3.59,0.236,0,NOMINAL
15.124,202,1,0.2495,0.2495,0.4596,0,7032.95,24715.45,-63741.12,-0.0165,-0.0416,0.0,0.0,0.0,0,0.0,0,11.1,0.0,0,SAFE,255.0,99.01,100.0,0.0,0.0,100.0,100.0,67.67,3.59,0.235,0,NOMINAL
15.143,203,1,0.2505,0.2496,0.4565,0,7027.91,24478.02,-63807.2,-0.0103,-0.0414,0.0,0.0,0.0,0,0.0,0,4.5,0.0,0,SAFE,255.0,99.25,100.0,0.0,0.0,100.0,100.0,67.71,3.58,0.235,0,NOMINAL
15.173,204,1,0.2599,0.2509,0.4568,0,7251.62,24632.56,-63682.94,-0.0283,-0.0452,0.0,0.0,0.0,0,0.0,0,22.3,0.0,0,SAFE,255.0,100.0,100.0,0.0,0.0,100.0,100.0,67.75,3.58,0.234,0,NOMINAL
15.239,205,1,0.2594,0.2519,0.4588,0,7647.02,24994.18,-63225.39,-0.0559,-0.052,0.0,0.0,0.0,0,0.0,0,197.4,61.6,1,WARN,255.0,100.0,100.0,0.0,0.0,100.0,38.4,67.49,3.6,0.238,0,NOMINAL
15.272,206,1,0.2849,0.2559,0.459,0,7190.94,24531.3,-63707.97,-0.0721,-0.0488,0.0,0.0,0.0,0,0.0,0,21.3,0.0,0,SAFE,255.0,100.0,100.0,0.0,0.0,100.0,100.0,67.54,3.6,0.237,0,NOMINAL
15.304,207,1,0.2871,0.2597,0.4581,0,7402.26,24840.73,-63399.24,-0.0626,-0.0562,0.0,0.0,0.0,0,0.0,0,34.8,0.0,0,SAFE,255.0,100.0,100.0,0.0,0.0,100.0,100.0,67.58,3.59,0.236,0,NOMINAL
15.336,208,1,0.287,0.263,0.4583,0,7578.28,25141.28,-63199.85,-0.0631,-0.0492,0.0,0.0,0.0,0,0.0,0,195.8,60.5,1,WARN,255.0,100.0,100.0,0.0,0.0,100.0,39.5,67.33,3.61,0.24,0,NOMINAL
